<?xml version="1.0" encoding="UTF-8"?>
<project-private xmlns="http://www.netbeans.org/ns/project-private/1">
    <editor-bookmarks xmlns="http://www.netbeans.org/ns/editor-bookmarks/2" lastBookmarkId="0"/>
    <open-files xmlns="http://www.netbeans.org/ns/projectui-open-files/2">
        <group>
            <file>file:/E:/3RD%20SEM/DEA/yakata%20tutorial/Advanced_Library_Management_System/web/index.html</file>
            <file>file:/E:/3RD%20SEM/DEA/yakata%20tutorial/Advanced_Library_Management_System/web/validation.js</file>
            <file>file:/E:/3RD%20SEM/DEA/yakata%20tutorial/Advanced_Library_Management_System/web/login.jsp</file>
            <file>file:/E:/3RD%20SEM/DEA/yakata%20tutorial/Advanced_Library_Management_System/web/addBook.jsp</file>
            <file>file:/E:/3RD%20SEM/DEA/yakata%20tutorial/Advanced_Library_Management_System/web/searchBook.jsp</file>
            <file>file:/E:/3RD%20SEM/DEA/yakata%20tutorial/Advanced_Library_Management_System/web/error.jsp</file>
            <file>file:/E:/3RD%20SEM/DEA/yakata%20tutorial/Advanced_Library_Management_System/web/dashboard.jsp</file>
            <file>file:/E:/3RD%20SEM/DEA/yakata%20tutorial/Advanced_Library_Management_System/web/liveSearch.jsp</file>
            <file>file:/E:/3RD%20SEM/DEA/yakata%20tutorial/Advanced_Library_Management_System/src/java/controller/LoginServlet.java</file>
            <file>file:/E:/3RD%20SEM/DEA/yakata%20tutorial/Advanced_Library_Management_System/src/java/controller/BookServlet.java</file>
            <file>file:/E:/3RD%20SEM/DEA/yakata%20tutorial/Advanced_Library_Management_System/src/java/controller/LogoutServlet.java</file>
            <file>file:/E:/3RD%20SEM/DEA/yakata%20tutorial/Advanced_Library_Management_System/src/java/controller/filter/AuthFilter.java</file>
            <file>file:/E:/3RD%20SEM/DEA/yakata%20tutorial/Advanced_Library_Management_System/src/java/dao/BookDAO.java</file>
            <file>file:/E:/3RD%20SEM/DEA/yakata%20tutorial/Advanced_Library_Management_System/src/java/model/Book.java</file>
            <file>file:/E:/3RD%20SEM/DEA/yakata%20tutorial/Advanced_Library_Management_System/src/java/model/User.java</file>
        </group>
    </open-files>
</project-private>
